Name,Revenue,Street,Company
Victoria Strong,59,Ap #592-2663 Sed Road,Orci Luctus Industries
Hayley Lamb,90,2131 Metus Road,Pellentesque Eget Dictum Incorporated
Lael Allison,22,5682 Scelerisque Road,Tempus Mauris Company
Elaine Bonner,29,271-5103 Luctus Street,Velit Cras Lorem Inc.
Adena Orr,51,"P.O. Box 492, 3667 Venenatis St.",Libero At Auctor Ltd
Megan Sparks,89,Ap #293-700 Suspendisse Av.,Hendrerit A Arcu LLC
Sopoline Wood,56,5277 Enim St.,Pellentesque Massa LLC
Bianca Chavez,19,327-8901 A Ave,Sit Amet Consectetuer Associates
Sonia Bishop,62,7364 Dui. Ave,Odio A Purus Company
Sandra Galloway,42,"Ap #593-3842 Quis, Ave",Aliquet PC
Shelly Burns,60,320-5287 Ipsum Rd.,Sem Elit Institute
Brittany Skinner,20,2099 Nunc. Rd.,Suspendisse Foundation
Mollie Nguyen,91,Ap #367-9802 Et Rd.,Non PC
Nola Pace,57,9653 Aliquam Av.,Pellentesque Tellus Sem LLC
Macey Morrison,91,6701 Eu St.,Cras Dolor Corp.
Kylynn Fields,7,2477 Faucibus Rd.,Urna Nullam PC
Chava Ortiz,23,970-3058 Nec Road,Dui Augue Corporation